{
  "Cotton": {
    "mean": 2.18528,
    "std": 1.132714883638081,
    "max": 6.56
  },
  "Groundnut": {
    "mean": 2.03882,
    "std": 1.0282989862926157,
    "max": 6.19
  },
  "Maize": {
    "mean": 7.2743,
    "std": 3.1637938765644606,
    "max": 18.41
  },
  "Onion": {
    "mean": 25.00994,
    "std": 11.786226387666357,
    "max": 72.41
  },
  "Potato": {
    "mean": 32.29488,
    "std": 14.28482768498028,
    "max": 91.96
  },
  "Rice": {
    "mean": 6.19828,
    "std": 2.798392009221465,
    "max": 17.92
  },
  "Soybean": {
    "mean": 2.6156599999999997,
    "std": 1.330411272015316,
    "max": 9.19
  },
  "Sugarcane": {
    "mean": 128.9066,
    "std": 47.525946134210734,
    "max": 297.43
  },
  "Tomato": {
    "mean": 37.2819,
    "std": 14.81565361954539,
    "max": 90.81
  },
  "Wheat": {
    "mean": 4.69374,
    "std": 2.3215946709173982,
    "max": 15.88
  }
}